Model,Model_Family,Scenario,Scenario_Category,Region,Variable,1990,1995,2000,2005,2010,2015,2020,2025,2030,2035,2040,2045,2050,2055,2060,2065,2070,2075,2080,2085,2090,2095,2100,2110,2130,2150
AIM/CGE 2.1,AIM,CO_2Deg2020,C4,R5ASIA,Capital Cost|Electricity|Biomass|w/ CCS,,,,0.0,0.0,0.0,0.0,0.0,38336.0804,38524.7042,38709.0954,38851.1105,38911.3434,,,,,,,,,,,,,
AIM/CGE 2.1,AIM,CO_2Deg2020,C4,R5ASIA,Capital Cost|Electricity|Biomass|w/o CCS,,,,5359.368,13564.9457,13564.9457,28122.4482,28122.4482,28122.4482,28122.4482,28122.4482,28122.4482,28122.4482,,,,,,,,,,,,,
AIM/CGE 2.1,AIM,CO_2Deg2020,C4,R5ASIA,Capital Cost|Electricity|Coal|w/ CCS,,,,0.0,0.0,0.0,0.0,0.0,22007.1809,22428.7886,22647.4072,22587.7787,22426.661,,,,,,,,,,,,,
AIM/CGE 2.1,AIM,CO_2Deg2020,C4,R5ASIA,Capital Cost|Electricity|Coal|w/o CCS,,,,2828.9001,13984.2075,14105.3828,14325.806799999998,14718.8835,15561.9684,15680.6974,15606.1289,15304.6669,15291.9217,,,,,,,,,,,,,
AIM/CGE 2.1,AIM,CO_2Deg2020,C4,R5ASIA,Capital Cost|Electricity|Gas|w/ CCS,,,,0.0,0.0,0.0,0.0,0.0,7969.7979,8137.1801,8304.454600000001,8452.9227,8482.7486,,,,,,,,,,,,,
AIM/CGE 2.1,AIM,CO_2Deg2020,C4,R5ASIA,Capital Cost|Electricity|Gas|w/o CCS,,,,2653.9297,4607.971100000001,4607.971100000001,4607.971100000001,4607.971100000001,4607.971100000001,4607.971100000001,4607.971100000001,4607.971100000001,4607.971100000001,,,,,,,,,,,,,
AIM/CGE 2.1,AIM,CO_2Deg2020,C4,R5ASIA,Capital Cost|Electricity|Geothermal,,,,2108.8471,9160.3765,9160.3765,9160.3765,9160.3765,9160.3765,9160.3765,9160.3765,9160.3765,9160.3765,,,,,,,,,,,,,
AIM/CGE 2.1,AIM,CO_2Deg2020,C4,R5ASIA,Capital Cost|Electricity|Hydro,,,,2479.5225,67993.99160000001,67993.99160000001,67993.99160000001,67993.99160000001,67993.99160000001,67993.99160000001,67993.99160000001,67993.99160000001,67993.99160000001,,,,,,,,,,,,,
AIM/CGE 2.1,AIM,CO_2Deg2020,C4,R5ASIA,Capital Cost|Electricity|Nuclear,,,,4808.5065,32100.4125,31498.7154,31097.342200000003,31583.354100000004,33004.1375,32766.8824,32124.3293,30997.9432,30483.1388,,,,,,,,,,,,,
AIM/CGE 2.1,AIM,CO_2Deg2020,C4,R5ASIA,Capital Cost|Electricity|Solar|PV,,,,3124.1719000000003,19797.6657,14179.2404,8870.621200000001,7700.5567,6609.773300000001,6120.942300000001,5629.704699999999,5136.3677,4654.5356,,,,,,,,,,,,,
AIM/CGE 2.1,AIM,CO_2Deg2020,C4,R5ASIA,Capital Cost|Electricity|Wind|Onshore,,,,1156.9082,8075.384000000001,7439.0638,6861.7868,6672.825500000001,6620.7899,6637.9634,6631.0841,6558.217200000001,6470.073899999999,,,,,,,,,,,,,
AIM/CGE 2.1,AIM,CO_2Deg2020,C4,R5ASIA,Efficiency|Electricity|Biomass|w/ CCS,,,,0.0,0.0,0.0,0.0,0.0,180.0,180.0,180.0,180.0,180.0,,,,,,,,,,,,,
AIM/CGE 2.1,AIM,CO_2Deg2020,C4,R5ASIA,Efficiency|Electricity|Biomass|w/o CCS,,,,180.0,180.0,180.0,180.0,180.0,180.0,180.0,180.0,180.0,180.0,,,,,,,,,,,,,
AIM/CGE 2.1,AIM,CO_2Deg2020,C4,R5ASIA,Efficiency|Electricity|Coal|w/ CCS,,,,0.0,0.0,0.0,0.0,0.0,134.7706,130.77949999999998,127.4099,124.5814,128.0,,,,,,,,,,,,,
AIM/CGE 2.1,AIM,CO_2Deg2020,C4,R5ASIA,Efficiency|Electricity|Coal|w/o CCS,,,,125.9118,128.9039,132.0641,135.4045,138.9374,134.7706,130.77949999999998,127.4099,94.952,96.0,,,,,,,,,,,,,
AIM/CGE 2.1,AIM,CO_2Deg2020,C4,R5ASIA,Efficiency|Electricity|Gas|w/ CCS,,,,0.0,0.0,0.0,0.0,0.0,187.7225,182.4255,177.5045,172.9223,172.3813,,,,,,,,,,,,,
AIM/CGE 2.1,AIM,CO_2Deg2020,C4,R5ASIA,Efficiency|Electricity|Gas|w/o CCS,,,,185.7021,187.0306,188.3744,189.7339,191.1093,187.7225,182.4255,177.5045,172.9223,137.5987,,,,,,,,,,,,,
AIM/CGE 2.1,AIM,CO_2Deg2020,C4,R5ASIA,Emissions|CH4,,,,142.3794,156.8393,167.3237,176.66159999999996,117.4459,96.4533,87.8169,80.22319999999999,74.6514,68.81089999999999,,,,,,,,,,,,,
AIM/CGE 2.1,AIM,CO_2Deg2020,C4,R5ASIA,Emissions|CO2,,,,10889.688999999998,13960.4999,16450.0984,17745.375500000002,14544.7427,10702.1411,9299.9974,7738.5225,5666.2667,4543.9947,,,,,,,,,,,,,
AIM/CGE 2.1,AIM,CO_2Deg2020,C4,R5ASIA,Emissions|N2O,,,,3102.6619,3467.4969,3764.117,4029.306900000001,2414.303,2120.8997,2212.1982,2350.155,2564.5782,2736.6726,,,,,,,,,,,,,
AIM/CGE 2.1,AIM,CO_2Deg2020,C4,R5ASIA,GDP|MER,,,,6102.143153661833,8908.439377654888,12575.794357985586,17489.024489276413,22208.7504432832,26773.393690607907,31520.6843111971,36282.8194083192,41136.47521538099,45933.03519750138,,,,,,,,,,,,,
AIM/CGE 2.1,AIM,CO_2Deg2020,C4,R5ASIA,GDP|PPP,,,,13807.570760954555,20389.83776203024,28930.772496992005,40413.21239245603,51483.00504443044,62251.32474669026,73607.81772675844,85125.4595966351,96974.78252928358,108819.42245834948,,,,,,,,,,,,,
AIM/CGE 2.1,AIM,CO_2Deg2020,C4,R5ASIA,OM Cost|Fixed|Electricity|Biomass|w/ CCS,,,,0.0,0.0,0.0,0.0,0.0,151.5296,151.5296,151.5296,151.5296,151.5296,,,,,,,,,,,,,
AIM/CGE 2.1,AIM,CO_2Deg2020,C4,R5ASIA,OM Cost|Fixed|Electricity|Biomass|w/o CCS,,,,240.3774,151.5296,151.5296,151.5296,151.5296,151.5296,151.5296,151.5296,151.5296,151.5296,,,,,,,,,,,,,
AIM/CGE 2.1,AIM,CO_2Deg2020,C4,R5ASIA,OM Cost|Fixed|Electricity|Coal|w/ CCS,,,,0.0,0.0,0.0,0.0,0.0,166.76209999999998,167.8774,167.1811,164.2771,164.0442,,,,,,,,,,,,,
AIM/CGE 2.1,AIM,CO_2Deg2020,C4,R5ASIA,OM Cost|Fixed|Electricity|Coal|w/o CCS,,,,82.9567,152.3102,153.4731,155.4751,159.05169999999998,166.76209999999998,167.8774,167.1811,164.5051,164.3734,,,,,,,,,,,,,
AIM/CGE 2.1,AIM,CO_2Deg2020,C4,R5ASIA,OM Cost|Fixed|Electricity|Gas|w/ CCS,,,,0.0,0.0,0.0,0.0,0.0,56.4708,56.4708,56.4708,56.4708,56.4708,,,,,,,,,,,,,
AIM/CGE 2.1,AIM,CO_2Deg2020,C4,R5ASIA,OM Cost|Fixed|Electricity|Gas|w/o CCS,,,,66.7359,56.4708,56.4708,56.4708,56.4708,56.4708,56.4708,56.4708,56.4708,56.4708,,,,,,,,,,,,,
AIM/CGE 2.1,AIM,CO_2Deg2020,C4,R5ASIA,OM Cost|Fixed|Electricity|Geothermal,,,,18.9299,10.0,10.0,10.0,10.0,10.0,10.0,10.0,10.0,10.0,,,,,,,,,,,,,
AIM/CGE 2.1,AIM,CO_2Deg2020,C4,R5ASIA,OM Cost|Fixed|Electricity|Hydro,,,,63.973,40.0,40.0,40.0,40.0,40.0,40.0,40.0,40.0,40.0,,,,,,,,,,,,,
AIM/CGE 2.1,AIM,CO_2Deg2020,C4,R5ASIA,OM Cost|Fixed|Electricity|Nuclear,,,,105.9904,380.7755,373.6737,368.4083,371.6968,384.278,382.2859000000001,376.15719999999993,365.1595,360.18370000000004,,,,,,,,,,,,,
AIM/CGE 2.1,AIM,CO_2Deg2020,C4,R5ASIA,OM Cost|Fixed|Electricity|Solar|PV,,,,163.1115,177.7877,127.7553,80.4502,68.6034,57.481,53.99550000000001,50.4942,46.973,43.5341,,,,,,,,,,,,,
AIM/CGE 2.1,AIM,CO_2Deg2020,C4,R5ASIA,OM Cost|Fixed|Electricity|Wind|Onshore,,,,40.0881,145.0008,133.5396,123.0128,119.308,117.7456,117.6431,117.1914,115.7257,113.9943,,,,,,,,,,,,,
AIM/CGE 2.1,AIM,CO_2Deg2020,C4,R5ASIA,Population,,,,3472.0678000000003,3657.7622,3829.2151,3989.7215,4128.047,4241.4221,4331.399600000001,4397.2363000000005,4439.6039,4456.4647,,,,,,,,,,,,,
AIM/CGE 2.1,AIM,CO_2Deg2020,C4,R5ASIA,Price|Carbon,,,,0.0,0.0,0.0,0.0,17.2937056728628,58.15406182864221,77.2000150001507,96.49366404703302,106.49184038303198,119.911212836866,,,,,,,,,,,,,
AIM/CGE 2.1,AIM,CO_2Deg2020,C4,R5ASIA,Primary Energy|Coal,,,,59314.0,94144.40000000001,112965.8,120585.0,85940.59999999999,60229.19999999999,66112.3,79308.1,102597.09999999999,99925.6,,,,,,,,,,,,,
AIM/CGE 2.1,AIM,CO_2Deg2020,C4,R5ASIA,Primary Energy|Gas,,,,10792.5,17185.8,21060.4,23452.5,28991.6,27708.600000000002,27695.9,28118.4,28294.6,27900.300000000003,,,,,,,,,,,,,
AIM/CGE 2.1,AIM,CO_2Deg2020,C4,R5ASIA,Primary Energy|Nuclear,,,,919.9000000000001,1026.6000000000001,1435.5,2288.5,3243.7,4026.7999999999997,4722.799999999999,5406.2,6039.7,6621.599999999999,,,,,,,,,,,,,
AIM/CGE 2.1,AIM,CO_2Deg2020,C4,R5ASIA,Primary Energy|Oil,,,,33035.8,41549.3,48973.100000000006,55501.0,61919.8,57708.3,56375.3,55660.600000000006,54682.50000000001,53344.0,,,,,,,,,,,,,
AIM/CGE 2.1,AIM,CO_2Deg2020,C4,R5ASIA,Primary Energy|Solar,,,,0.6,10.6,217.1,781.6999999999999,1867.6,3865.3,4753.0,5364.6,5353.2,5572.699999999999,,,,,,,,,,,,,
AIM/CGE 2.1,AIM,CO_2Deg2020,C4,R5ASIA,Primary Energy|Wind,,,,28.7,229.3,794.4,2161.0,4915.8,10081.2,11682.0,12224.2,11354.0,11226.100000000002,,,,,,,,,,,,,
AIM/CGE 2.1,AIM,CO_2Deg2020,C4,R5ASIA,Yield|Cereal,,,,13.2921,14.1845,14.9883,15.7764,16.7269,17.8222,18.8275,19.9276,21.0101,22.074200000000005,,,,,,,,,,,,,
AIM/CGE 2.1,AIM,CO_2Deg2020,C4,R5LAM,Capital Cost|Electricity|Biomass|w/ CCS,,,,0.0,0.0,0.0,0.0,0.0,19294.2255,19449.9627,19610.8018,19787.2573,19971.4741,,,,,,,,,,,,,
AIM/CGE 2.1,AIM,CO_2Deg2020,C4,R5LAM,Capital Cost|Electricity|Biomass|w/o CCS,,,,4755.57,6823.8691,6823.8691,14147.0457,14147.0457,14147.0457,14147.0457,14147.0457,14147.0457,14147.0457,,,,,,,,,,,,,
AIM/CGE 2.1,AIM,CO_2Deg2020,C4,R5LAM,Capital Cost|Electricity|Coal|w/ CCS,,,,0.0,0.0,0.0,0.0,0.0,10164.8565,10331.2821,10484.6138,10625.8783,10620.7636,,,,,,,,,,,,,
AIM/CGE 2.1,AIM,CO_2Deg2020,C4,R5LAM,Capital Cost|Electricity|Coal|w/o CCS,,,,1978.525,7009.8608,7115.3469000000005,7164.7255000000005,7205.386,7236.0976,7242.8604,7236.166,7210.653899999999,7188.7772,,,,,,,,,,,,,
AIM/CGE 2.1,AIM,CO_2Deg2020,C4,R5LAM,Capital Cost|Electricity|Gas|w/ CCS,,,,0.0,0.0,0.0,0.0,0.0,4025.3427,4135.1232,4249.6377,4372.824,4466.8279,,,,,,,,,,,,,
AIM/CGE 2.1,AIM,CO_2Deg2020,C4,R5LAM,Capital Cost|Electricity|Gas|w/o CCS,,,,1408.4182,2318.0478000000003,2318.0478000000003,2318.0478000000003,2318.0478000000003,2318.0478000000003,2318.0478000000003,2318.0478000000003,2318.0478000000003,2318.0478000000003,,,,,,,,,,,,,
AIM/CGE 2.1,AIM,CO_2Deg2020,C4,R5LAM,Capital Cost|Electricity|Geothermal,,,,961.9174,11423.8253,11423.8253,11423.8253,11423.8253,11423.8253,11423.8253,11423.8253,11423.8253,11423.8253,,,,,,,,,,,,,
AIM/CGE 2.1,AIM,CO_2Deg2020,C4,R5LAM,Capital Cost|Electricity|Hydro,,,,1926.8534,34204.4938,34204.4938,34204.4938,34204.4938,34204.4938,34204.4938,34204.4938,34204.4938,34204.4938,,,,,,,,,,,,,
AIM/CGE 2.1,AIM,CO_2Deg2020,C4,R5LAM,Capital Cost|Electricity|Nuclear,,,,3061.8935,16090.9672,15889.2737,15552.6263,15461.1087,15346.4621,15134.9106,14895.2363,14617.8312,14317.5806,,,,,,,,,,,,,
AIM/CGE 2.1,AIM,CO_2Deg2020,C4,R5LAM,Capital Cost|Electricity|Solar|PV,,,,797.1799,9958.9472,7122.0472,4434.4386,3815.1652,3226.8804,2971.3203000000003,2721.9748,2478.6053,2241.0112,,,,,,,,,,,,,
AIM/CGE 2.1,AIM,CO_2Deg2020,C4,R5LAM,Capital Cost|Electricity|Wind|Onshore,,,,963.8508,4038.5009,3732.9145,3455.1576,3338.9511,3229.2027,3190.5213000000003,3142.6187,3084.8888,3020.5401,,,,,,,,,,,,,
AIM/CGE 2.1,AIM,CO_2Deg2020,C4,R5LAM,Efficiency|Electricity|Biomass|w/ CCS,,,,0.0,0.0,0.0,0.0,0.0,90.0,90.0,90.0,90.0,90.0,,,,,,,,,,,,,
AIM/CGE 2.1,AIM,CO_2Deg2020,C4,R5LAM,Efficiency|Electricity|Biomass|w/o CCS,,,,90.0,90.0,90.0,90.0,90.0,90.0,90.0,90.0,90.0,90.0,,,,,,,,,,,,,
AIM/CGE 2.1,AIM,CO_2Deg2020,C4,R5LAM,Efficiency|Electricity|Coal|w/ CCS,,,,0.0,0.0,0.0,0.0,0.0,66.83619999999999,65.1328,63.7106,62.5321,64.0,,,,,,,,,,,,,
AIM/CGE 2.1,AIM,CO_2Deg2020,C4,R5LAM,Efficiency|Electricity|Coal|w/o CCS,,,,60.2728,62.059,63.9337,65.9018,67.9689,66.83619999999999,65.1328,63.7106,62.5321,32.0,,,,,,,,,,,,,
AIM/CGE 2.1,AIM,CO_2Deg2020,C4,R5LAM,Efficiency|Electricity|Gas|w/ CCS,,,,0.0,0.0,0.0,0.0,0.0,93.4559,90.4176,87.5897,84.9511,83.8168,,,,,,,,,,,,,
AIM/CGE 2.1,AIM,CO_2Deg2020,C4,R5LAM,Efficiency|Electricity|Gas|w/o CCS,,,,93.721,94.0087,94.2983,94.5898,94.8834,93.4559,90.4176,87.5897,84.9511,83.8168,,,,,,,,,,,,,
AIM/CGE 2.1,AIM,CO_2Deg2020,C4,R5LAM,Emissions|CH4,,,,46.1772,48.8597,51.6409,54.2751,43.4603,38.0645,35.383399999999995,32.7717,30.608000000000004,28.385,,,,,,,,,,,,,
AIM/CGE 2.1,AIM,CO_2Deg2020,C4,R5LAM,Emissions|CO2,,,,2335.752,1872.742,2018.2198,2082.0092,1676.7442,1076.0018,455.7263,-95.40040000000002,-377.6322,-1197.0839,,,,,,,,,,,,,
AIM/CGE 2.1,AIM,CO_2Deg2020,C4,R5LAM,Emissions|N2O,,,,1177.0623,1271.6425,1358.8726,1438.0545,1237.1091,1155.0738,1131.4576,1102.2559,1079.2709,1049.4846,,,,,,,,,,,,,
AIM/CGE 2.1,AIM,CO_2Deg2020,C4,R5LAM,GDP|MER,,,,2800.904794801668,3302.5425310125,3982.702860439739,4785.12514769966,5589.52107921579,6364.11691913475,7234.17371506415,8173.026802449421,9200.70312456823,10294.59743425314,,,,,,,,,,,,,
AIM/CGE 2.1,AIM,CO_2Deg2020,C4,R5LAM,GDP|PPP,,,,4925.400460705419,5808.71663361873,7004.38720881183,8415.95835604794,9830.53255443234,11191.98374523866,12720.81176506029,14370.263604777389,16175.38729543106,18096.21235938367,,,,,,,,,,,,,
AIM/CGE 2.1,AIM,CO_2Deg2020,C4,R5LAM,OM Cost|Fixed|Electricity|Biomass|w/ CCS,,,,0.0,0.0,0.0,0.0,0.0,75.7648,75.7648,75.7648,75.7648,75.7648,,,,,,,,,,,,,
AIM/CGE 2.1,AIM,CO_2Deg2020,C4,R5LAM,OM Cost|Fixed|Electricity|Biomass|w/o CCS,,,,77.3007,75.7648,75.7648,75.7648,75.7648,75.7648,75.7648,75.7648,75.7648,75.7648,,,,,,,,,,,,,
AIM/CGE 2.1,AIM,CO_2Deg2020,C4,R5LAM,OM Cost|Fixed|Electricity|Coal|w/ CCS,,,,0.0,0.0,0.0,0.0,0.0,78.4322,78.5055,78.4331,78.1568,77.7474,,,,,,,,,,,,,
AIM/CGE 2.1,AIM,CO_2Deg2020,C4,R5LAM,OM Cost|Fixed|Electricity|Coal|w/o CCS,,,,48.8707,75.977,77.1214,77.658,78.0995,78.4322,78.5055,78.4331,78.1568,77.91890000000001,,,,,,,,,,,,,
AIM/CGE 2.1,AIM,CO_2Deg2020,C4,R5LAM,OM Cost|Fixed|Electricity|Gas|w/ CCS,,,,0.0,0.0,0.0,0.0,0.0,28.2354,28.2354,28.2354,28.2354,28.2354,,,,,,,,,,,,,
AIM/CGE 2.1,AIM,CO_2Deg2020,C4,R5LAM,OM Cost|Fixed|Electricity|Gas|w/o CCS,,,,33.4559,28.2354,28.2354,28.2354,28.2354,28.2354,28.2354,28.2354,28.2354,28.2354,,,,,,,,,,,,,
AIM/CGE 2.1,AIM,CO_2Deg2020,C4,R5LAM,OM Cost|Fixed|Electricity|Geothermal,,,,51.4539,10.0,10.0,10.0,10.0,10.0,10.0,10.0,10.0,10.0,,,,,,,,,,,,,
AIM/CGE 2.1,AIM,CO_2Deg2020,C4,R5LAM,OM Cost|Fixed|Electricity|Hydro,,,,29.4508,20.0,20.0,20.0,20.0,20.0,20.0,20.0,20.0,20.0,,,,,,,,,,,,,
AIM/CGE 2.1,AIM,CO_2Deg2020,C4,R5LAM,OM Cost|Fixed|Electricity|Nuclear,,,,71.8564,189.9425,187.7738,184.0158,182.5152,180.7349,178.7707,176.4745,173.729,170.7062,,,,,,,,,,,,,
AIM/CGE 2.1,AIM,CO_2Deg2020,C4,R5LAM,OM Cost|Fixed|Electricity|Solar|PV,,,,85.0032,88.89179999999999,63.7863,40.0021,33.8484,28.0025,26.1758,24.3934,22.6538,20.9554,,,,,,,,,,,,,
AIM/CGE 2.1,AIM,CO_2Deg2020,C4,R5LAM,OM Cost|Fixed|Electricity|Wind|Onshore,,,,39.3215,72.0942,66.6418,61.6866,59.615,57.6583,56.9701,56.1164,55.0866,53.9381,,,,,,,,,,,,,
AIM/CGE 2.1,AIM,CO_2Deg2020,C4,R5LAM,Population,,,,557.1652,590.2103,622.1804,652.3691,680.0735999999999,704.5817999999999,725.4792,742.7466,756.2559,765.7641,,,,,,,,,,,,,
AIM/CGE 2.1,AIM,CO_2Deg2020,C4,R5LAM,Price|Carbon,,,,0.0,0.0,0.0,0.0,17.2937056728628,58.15406182864221,77.2000150001507,96.49366404703298,106.49184038303198,119.911212836866,,,,,,,,,,,,,
AIM/CGE 2.1,AIM,CO_2Deg2020,C4,R5LAM,Primary Energy|Coal,,,,1339.3,1579.1,1964.0,2088.7,1652.8,1133.6999999999998,1112.1000000000001,1165.3,1341.9,1270.8,,,,,,,,,,,,,
AIM/CGE 2.1,AIM,CO_2Deg2020,C4,R5LAM,Primary Energy|Gas,,,,6098.7,8311.3,8987.0,9302.300000000001,8880.9,7399.9,7259.0,7079.6,6987.3,6331.7,,,,,,,,,,,,,
AIM/CGE 2.1,AIM,CO_2Deg2020,C4,R5LAM,Primary Energy|Nuclear,,,,97.5999999999999,92.60000000000001,111.9,108.39999999999999,131.3,183.9,218.29999999999998,239.0,230.6,206.3,,,,,,,,,,,,,
AIM/CGE 2.1,AIM,CO_2Deg2020,C4,R5LAM,Primary Energy|Oil,,,,13535.6,13703.2,13690.0,13784.599999999999,12737.8,10735.8,10359.400000000001,9926.1,9762.0,9163.1,,,,,,,,,,,,,
AIM/CGE 2.1,AIM,CO_2Deg2020,C4,R5LAM,Primary Energy|Solar,,,,0.1,4.4,11.700000000000001,15.9,21.4,33.0,40.7,46.0,45.400000000000006,41.300000000000004,,,,,,,,,,,,,
AIM/CGE 2.1,AIM,CO_2Deg2020,C4,R5LAM,Primary Energy|Wind,,,,11.1,15.100000000000001,133.0,187.20000000000002,255.29999999999993,347.5,405.2,444.5,440.7,407.2,,,,,,,,,,,,,
AIM/CGE 2.1,AIM,CO_2Deg2020,C4,R5LAM,Yield|Cereal,,,,5.8677,6.245,6.6594,7.078200000000001,7.5366,8.1055,8.5717,9.0438,9.4707,9.9013,,,,,,,,,,,,,
AIM/CGE 2.1,AIM,CO_2Deg2020,C4,R5MAF,Capital Cost|Electricity|Biomass|w/ CCS,,,,0.0,0.0,0.0,0.0,0.0,34707.245299999995,34725.6223,34794.7405,34896.6621,34948.3372,,,,,,,,,,,,,
AIM/CGE 2.1,AIM,CO_2Deg2020,C4,R5MAF,Capital Cost|Electricity|Biomass|w/o CCS,,,,1650.4207,13088.8234,13088.8234,27135.3656,27135.3656,27135.3656,27135.3656,27135.3656,27135.3656,27135.3656,,,,,,,,,,,,,
AIM/CGE 2.1,AIM,CO_2Deg2020,C4,R5MAF,Capital Cost|Electricity|Coal|w/ CCS,,,,0.0,0.0,0.0,0.0,0.0,18086.1425,18368.353000000003,18636.2276,18843.9286,18813.6638,,,,,,,,,,,,,
AIM/CGE 2.1,AIM,CO_2Deg2020,C4,R5MAF,Capital Cost|Electricity|Coal|w/o CCS,,,,3135.1435,13452.6133,13489.8316,13502.5864,13556.3575,13725.1888,13802.3898,13838.5297,13838.5297,13838.5297,,,,,,,,,,,,,
AIM/CGE 2.1,AIM,CO_2Deg2020,C4,R5MAF,Capital Cost|Electricity|Gas|w/ CCS,,,,0.0,0.0,0.0,0.0,0.0,7684.691499999999,7749.0049,7833.0381,7929.783600000001,7913.407,,,,,,,,,,,,,
AIM/CGE 2.1,AIM,CO_2Deg2020,C4,R5MAF,Capital Cost|Electricity|Gas|w/o CCS,,,,1777.8370000000002,4446.233899999999,4446.233899999999,4446.233899999999,4446.233899999999,4446.233899999999,4446.233899999999,4446.233899999999,4446.233899999999,4446.233899999999,,,,,,,,,,,,,
AIM/CGE 2.1,AIM,CO_2Deg2020,C4,R5MAF,Capital Cost|Electricity|Geothermal,,,,1238.3182,6747.1156,6747.1156,6747.1156,6747.1156,6747.1156,6747.1156,6747.1156,6747.1156,6747.1156,,,,,,,,,,,,,
AIM/CGE 2.1,AIM,CO_2Deg2020,C4,R5MAF,Capital Cost|Electricity|Hydro,,,,3038.1193,65607.4396,65607.4396,65607.4396,65607.4396,65607.4396,65607.4396,65607.4396,65607.4396,65607.4396,,,,,,,,,,,,,
AIM/CGE 2.1,AIM,CO_2Deg2020,C4,R5MAF,Capital Cost|Electricity|Nuclear,,,,962.1628,30880.151,30124.1287,29310.3594,29088.8395,29108.658,28841.9113,28485.8269,27966.5329,27544.0901,,,,,,,,,,,,,
AIM/CGE 2.1,AIM,CO_2Deg2020,C4,R5MAF,Capital Cost|Electricity|Solar|PV,,,,433.2423,19101.6834,13660.2886,8505.32,7317.5148,6189.1929,5699.0361,5220.8453,4754.1355,4298.551299999999,,,,,,,,,,,,,
AIM/CGE 2.1,AIM,CO_2Deg2020,C4,R5MAF,Capital Cost|Electricity|Wind|Onshore,,,,1421.6222,8592.709200000001,7868.7442,7176.8274,6847.2708,6569.657999999999,6462.0496,6363.669,6257.6326,6160.9414,,,,,,,,,,,,,
AIM/CGE 2.1,AIM,CO_2Deg2020,C4,R5MAF,Efficiency|Electricity|Biomass|w/ CCS,,,,0.0,0.0,0.0,0.0,0.0,135.0,135.0,135.0,135.0,135.0,,,,,,,,,,,,,
AIM/CGE 2.1,AIM,CO_2Deg2020,C4,R5MAF,Efficiency|Electricity|Biomass|w/o CCS,,,,45.0,135.0,135.0,135.0,135.0,135.0,135.0,135.0,135.0,135.0,,,,,,,,,,,,,
AIM/CGE 2.1,AIM,CO_2Deg2020,C4,R5MAF,Efficiency|Electricity|Coal|w/ CCS,,,,0.0,0.0,0.0,0.0,0.0,111.4461,106.6853,102.4464,98.6518,100.0,,,,,,,,,,,,,
AIM/CGE 2.1,AIM,CO_2Deg2020,C4,R5MAF,Efficiency|Electricity|Coal|w/o CCS,,,,110.7228,112.2142,113.7282,115.2655,116.8266,111.4461,106.6853,102.4464,0.0,0.0,,,,,,,,,,,,,
AIM/CGE 2.1,AIM,CO_2Deg2020,C4,R5MAF,Efficiency|Electricity|Gas|w/ CCS,,,,0.0,0.0,0.0,0.0,0.0,108.7631,106.7517,104.9203,103.2528,104.3478,,,,,,,,,,,,,
AIM/CGE 2.1,AIM,CO_2Deg2020,C4,R5MAF,Efficiency|Electricity|Gas|w/o CCS,,,,102.9875,104.6993,106.4528,108.2492,110.08950000000002,108.7631,106.7517,104.9203,103.2528,69.5652,,,,,,,,,,,,,
AIM/CGE 2.1,AIM,CO_2Deg2020,C4,R5MAF,Emissions|CH4,,,,51.8199,58.4971,64.9477,72.6144,51.6236,45.9498,45.0792,44.2625,43.8774,42.9147,,,,,,,,,,,,,
AIM/CGE 2.1,AIM,CO_2Deg2020,C4,R5MAF,Emissions|CO2,,,,3408.1037,4185.5724,4665.3852,5254.9668,4208.0157,3367.4037,2766.7927,2071.5101,1602.8118,863.1767,,,,,,,,,,,,,
AIM/CGE 2.1,AIM,CO_2Deg2020,C4,R5MAF,Emissions|N2O,,,,1362.5703,1560.7649,1767.0895,2009.206,1141.9179,1003.5825,1089.9226,1241.8885,1488.2356,1815.5764,,,,,,,,,,,,,
AIM/CGE 2.1,AIM,CO_2Deg2020,C4,R5MAF,GDP|MER,,,,2177.1993180926693,2821.692211733135,3595.091276734033,4581.851893507672,5675.697126177733,6835.76100664279,8199.25252482413,9762.46768655871,11599.06151781025,13708.29544251678,,,,,,,,,,,,,
AIM/CGE 2.1,AIM,CO_2Deg2020,C4,R5MAF,GDP|PPP,,,,4282.6721388363885,5540.38552407479,7042.4303682544505,8993.65765256029,11169.24458164282,13483.47099659502,16210.483083029252,19343.864736502448,23033.57297663738,27281.71767491968,,,,,,,,,,,,,
AIM/CGE 2.1,AIM,CO_2Deg2020,C4,R5MAF,OM Cost|Fixed|Electricity|Biomass|w/ CCS,,,,0.0,0.0,0.0,0.0,0.0,113.6472,113.6472,113.6472,113.6472,113.6472,,,,,,,,,,,,,
AIM/CGE 2.1,AIM,CO_2Deg2020,C4,R5MAF,OM Cost|Fixed|Electricity|Biomass|w/o CCS,,,,48.1487,113.6472,113.6472,113.6472,113.6472,113.6472,113.6472,113.6472,113.6472,113.6472,,,,,,,,,,,,,
AIM/CGE 2.1,AIM,CO_2Deg2020,C4,R5MAF,OM Cost|Fixed|Electricity|Coal|w/ CCS,,,,0.0,0.0,0.0,0.0,0.0,116.1878,116.7124,116.9251,116.5346,116.4953,,,,,,,,,,,,,
AIM/CGE 2.1,AIM,CO_2Deg2020,C4,R5MAF,OM Cost|Fixed|Electricity|Coal|w/o CCS,,,,117.8737,113.9203,114.2905,114.4317,114.9059,116.1878,116.7124,116.9251,116.9251,116.9251,,,,,,,,,,,,,
AIM/CGE 2.1,AIM,CO_2Deg2020,C4,R5MAF,OM Cost|Fixed|Electricity|Gas|w/ CCS,,,,0.0,0.0,0.0,0.0,0.0,42.3531,42.3531,42.3531,42.3531,42.3531,,,,,,,,,,,,,
AIM/CGE 2.1,AIM,CO_2Deg2020,C4,R5MAF,OM Cost|Fixed|Electricity|Gas|w/o CCS,,,,40.8504,42.3531,42.3531,42.3531,42.3531,42.3531,42.3531,42.3531,42.3531,42.3531,,,,,,,,,,,,,
AIM/CGE 2.1,AIM,CO_2Deg2020,C4,R5MAF,OM Cost|Fixed|Electricity|Geothermal,,,,47.4148,10.0,10.0,10.0,10.0,10.0,10.0,10.0,10.0,10.0,,,,,,,,,,,,,
AIM/CGE 2.1,AIM,CO_2Deg2020,C4,R5MAF,OM Cost|Fixed|Electricity|Hydro,,,,43.4059,30.0,30.0,30.0,30.0,30.0,30.0,30.0,30.0,30.0,,,,,,,,,,,,,
AIM/CGE 2.1,AIM,CO_2Deg2020,C4,R5MAF,OM Cost|Fixed|Electricity|Nuclear,,,,22.3174,284.8008,278.2726,271.1532,268.5302,267.73720000000003,265.7745,263.0817,259.0364,255.7833,,,,,,,,,,,,,
AIM/CGE 2.1,AIM,CO_2Deg2020,C4,R5MAF,OM Cost|Fixed|Electricity|Solar|PV,,,,19.2221,133.334,95.6762,60.0007,50.7702,42.0019,39.262,36.589,33.9802,31.4337,,,,,,,,,,,,,
AIM/CGE 2.1,AIM,CO_2Deg2020,C4,R5MAF,OM Cost|Fixed|Electricity|Wind|Onshore,,,,44.3279,115.8783,106.0307,96.6954,92.2313,88.3801,86.78389999999999,85.2952,83.7304,82.2692,,,,,,,,,,,,,
AIM/CGE 2.1,AIM,CO_2Deg2020,C4,R5MAF,Population,,,,1101.2485,1237.7147,1381.2214,1529.6882000000005,1679.6803,1829.4197,1977.7101,2122.6982000000003,2261.4407,2391.9941,,,,,,,,,,,,,
AIM/CGE 2.1,AIM,CO_2Deg2020,C4,R5MAF,Price|Carbon,,,,0.0,0.0,0.0,0.0,17.293705672862803,58.15406182864222,77.2000150001507,96.493664047033,106.491840383032,119.911212836866,,,,,,,,,,,,,
AIM/CGE 2.1,AIM,CO_2Deg2020,C4,R5MAF,Primary Energy|Coal,,,,4323.6,4324.400000000001,4460.200000000001,5155.900000000001,3337.8,2178.7000000000003,2389.5,2987.8999999999996,4669.5,4925.4,,,,,,,,,,,,,
AIM/CGE 2.1,AIM,CO_2Deg2020,C4,R5MAF,Primary Energy|Gas,,,,12389.099999999999,19779.800000000003,23655.2,26964.4,27475.2,25197.3,26687.899999999998,30213.2,35805.0,39515.0,,,,,,,,,,,,,
AIM/CGE 2.1,AIM,CO_2Deg2020,C4,R5MAF,Primary Energy|Nuclear,,,,43.3,48.599999999999994,53.699999999999996,59.799999999999905,91.2,143.7999999999999,184.4,235.0,251.8,281.5,,,,,,,,,,,,,
AIM/CGE 2.1,AIM,CO_2Deg2020,C4,R5MAF,Primary Energy|Oil,,,,21742.899999999998,28506.9,31736.4,35196.00000000001,37262.9,36732.9,37781.9,39061.4,40253.9,39544.3,,,,,,,,,,,,,
AIM/CGE 2.1,AIM,CO_2Deg2020,C4,R5MAF,Primary Energy|Solar,,,,0.9,7.8,17.0,34.4,63.2,140.3,195.3,264.1,312.09999999999997,387.40000000000003,,,,,,,,,,,,,
AIM/CGE 2.1,AIM,CO_2Deg2020,C4,R5MAF,Primary Energy|Wind,,,,3.3,8.4999999999999,24.8,30.5,50.3,105.89999999999999,151.5,201.3,229.2,274.7,,,,,,,,,,,,,
AIM/CGE 2.1,AIM,CO_2Deg2020,C4,R5MAF,Yield|Cereal,,,,5.318099999999999,5.718,6.1024,6.4819,6.849399999999999,7.274100000000001,7.6975,8.1164,8.5282,8.9445,,,,,,,,,,,,,
